0x045795FF0B8C353290a900654514032e92c289B7,2000,4000
0x04B4f215e59b9E0ed70b73508135fa2187d3B058,2000,4000
0x05c9f9Ea62c3C69dDF7221446d7Dbf4E04b0c408,2000,4000
0x07BE6faf7A76E3AAb08B25E360022325e8b1E856,2000,4000
0x081076bc1B250650F009bf802425eC4979569a59,2000,4000
0x0Aead38a4f99f8dAe8944d31EB703B6C7CeC4381,2000,4000
0x0Cb22194f577566a44C9ab217dE66010D4E71c32,2000,4000
0x0d211312Ca55452c1d558967EeBDeA4FBeF25Ea3,2000,4000
0x0d999AA1b575a5A115Ae0eba574647BE1F38BBda,2000,4000
0x0db96BD58F38c5717c101431449B840CE5ed841f,2000,4000
0x10AFed8ca88beAC9ef7CC75b386caac1CDB1a201,2000,4000
0x134c07871bb1f407ce2EE798499E4cC4481ACbC2,2000,4000
0x1582Cd409436616480D1619671ed0207608fe928,2000,4000
0x1d1295c7c522AdF646123e35C01657ECB24b4B89,2000,4000
0x20Fbd077D9487b0C7c00fb551A4F6863C10FEFfc,2000,4000
0x21caa3351430944CB7f31998B0eb199bC2C3112C,2000,4000
0x227C5f0FEeaE2214b4ba7FE185382E39C099AaBb,2000,4000
0x2518D25bD229aa6F5EAa344873895528462B8F37,2000,4000
0x252D0Fc2570939b2DBfD447eF0A3e3f5EF276d3A,2000,4000
0x25659eEfd7caE21566a257420bBcB0C8317Ef94f,2000,4000
0x299776620339EA8d5a4aAA2597Fcf75481ADA0Af,2000,4000
0x2B2Ba7547FEa61596f0124176D68B959C891CB38,2000,4000
0x31EB39cA8ca7265183DA00e7F4A60dcCc0563A50,2000,4000
0x321e5293758e662DC724DecAEBd82557afCc8b44,2000,4000
0x329f4435E0F22899b733756c71AA12C1004146B1,2000,4000
0x36B70790eDa400A74363D576090209CFfD5a01FA,2000,4000
0x3Be7Fe9be7a924A51564715A1C00d141EEB045F1,2000,4000
0x3C4F92b8dcD10Ea4dEfBBf6EcDE83ec4C199565f,2000,4000
0x3CEFb79aF1F4126DC679D52f5f7458A25CE74B42,2000,4000
0x3Dc4E4F0bF3a9135748802f5e7983AE36212e80d,2000,4000
0x3De3aD25E778A13A01c3DCA4225B5E0F327F25a8,2000,4000
0x3E86eAC93A2dbB4faEB8709d77d451aeDA710eF9,2000,4000
0x3F576424107eA00A2e132dCDaDe00f9fFDC89410,2000,4000
0x3fb64AE2eDb1a76d7343daa0A386Bb816acBabd0,2000,4000
0x41B5DF1CB494f1FaBDfA8801B6Df7D708Bf07b51,2000,4000
0x41fb25057A38916eD8B6b3f15dDec6a68862033E,2000,4000
0x43f9873FCf56B25F605A45B89169213FF0fC9eC3,2000,4000
0x47c633985E2A39B5BEf016B98D708e4BDe3Ef746,2000,4000
0x4ab86196981F3D7db5D16a8Fc9fF25FcA161f1F2,2000,4000
0x4aBe8e29fCfF74e6B2054920B2da21FE2940887b,2000,4000
0x4b6ecA64Ef835C2156290DFdfC9F0DA9C3b6bC57,2000,4000
0x4D3a4A71c8c5BB0F8549eebbBa224CFcEfbc7bb6,2000,4000
0x5204Ea6A14b732B3a784805768e20837EB143eAb,2000,4000
0x5241aa99a776866296D1d695C02bB2E31B3Ff998,2000,4000
0x53572e4D533b0CE6EF620C0B3a4556db4cfc8948,2000,4000
0x53e85186ebF5A7d4BD06324F7b9D8B3623EF0307,2000,4000
0x5978da7e5b78Fd3D922d00c5cCb173e9F113d51C,2000,4000
0x5A61B9530697137b0473d96F1340208E3d9881cE,2000,4000
0x5Ae923E68436d29042c37ddcd037Db58ABD19032,2000,4000
0x5cF41A837FAb8A20d007536702Ad52FC51b33655,2000,4000
0x5DBd467fed615a72Ef9aBD63f969Fe4856F0C9d6,2000,4000
0x5E9eB521b9056202E3839b2c8e7922f789b41ACC,2000,4000
0x62Ec589cc2A82816599A7C6f9d145A62D90C17cB,2000,4000
0x6315a15e594c6cef196829ba84b79d0f23c420fd,2000,4000
0x6439C7dBa472CE5ADa4d9c2c595A6Bc7dC610185,2000,4000
0x64b878Cb02B6EB013C6126831f7Ef5f398BcAD00,2000,4000
0x66EbE37Afc4d3EC56ca026397706d3384E34bFDD,2000,4000
0x679f5B65E0f436BEdf62665A5136E976f6A75Fa2,2000,4000
0x6D6ed67479D02d63A4A0F111A6D76fF93Bb2D23D,2000,4000
0x71555d38F26575b9e151f51504a38373CC6AFe02,2000,4000
0x71CC66C14C1F24473e92Bd19011cCFc27dEd38eA,2000,4000
0x730032E237Da98b513203477FAe4fa3B9b34836C,2000,4000
0x75627E9Cd1af20F0cAc03d127fBD0653d906c3B6,2000,4000
0x76d929285E1B9C9cC94908ac67dF03B63528671A,2000,4000
0x7C5F3aE5a21EF006bB2a672022443984EBa2e10d,2000,4000
0x7DB1e4E94B7Fc618Ed6216e641Cd6A4520fa1C5B,2000,4000
0x7dDa15a4aaB86c71D99Fc8DC01af9711Bc7844A8,2000,4000
0x7e62030C8c442223230288Fe8683a447dE6Cd146,2000,4000
0x7f4eDb8FCa00Cd0E8B02CDcf46cd0be76ce4C773,2000,4000
0x867a575Da50A8aA617CF99990c5940a3841A57Be,2000,4000
0x872A88CcD04Dc4F7ecebECB89a71A78C42B43Fac,2000,4000
0x876fE45a32AeEd49CF708355134cd20D2225D10A,2000,4000
0x896aEa93ae29147E810059C75390EF4BbbEEbe29,2000,4000
0x89de0f8775fcf8329546e411ef1d2d4fc006d420,2000,4000
0x8C44D298f207D46BbB747B36F8aBa2F2D1D4a4d6,2000,4000
0x8D339490827b323295DA0A003096e18b0Dd99A2F,2000,4000
0x8D4317e24Fe7dC36F70f3C0dB9f2ae91B0944D92,2000,4000
0x8E9B548002aB33f0a58018DfDc91817764bE23e0,2000,4000
0x90f3c7434ee39cf24cADdC3874Bf7c295e4ba6D5,2000,4000
0x9327775E225a703125167EB423D246915BdC37E7,2000,4000
0x94AA956b356315B179DeE74b396bD457eef8f13A,2000,4000
0x96CAa5A60Bc6D8AA0465F2C1615D8b1fc9b85A8D,2000,4000
0x98D593667C5E791aB7eAbC24794562002957cDDA,2000,4000
0x99a27a9B24511e1d5AC9b0fb5b0Ce740d7b46e84,2000,4000
0x9b2178706d9123C050d6657ea1DEdae74Bf0b9dD,2000,4000
0x9d1f20c3285091C17460Ad4675Cf430177fFA406,2000,4000
0x9f5Aa14327fB4b61F6F7f1B205501fD1A66bc183,2000,4000
0xA05A2E51beB7FDe2c8CDdd4750926fA6Ca02b769,2000,4000
0xab3454F4198940432F89872023eBbD64495293b0,2000,4000
0xaE269a1371993AF69DF73bA39BeEf3659B33146B,2000,4000
0xae5A48E555f5DC7300896B7a12Ac64813BCcad8c,2000,4000
0xAE60a8CBC37cfDE7aE14047C95BDCA81AA159ae0,2000,4000
0xB536474B99f7780ea053B6da34742903C42F6820,2000,4000
0xB57B13b4Fe511C27EA5a658E938bFF7dd43F6c53,2000,4000
0xB5BAfFb036576B46F45544174208FAa5b7dc1cfB,2000,4000
0xB817F347Cc5dC77DabEb45Dc071Dc4cA80b28E16,2000,4000
0xb931D769b1a4856842D517BEC527eC30e0fE217F,2000,4000
0xB9f191316c5aDd0355a237aA6E76CB1083192034,2000,4000
0xBAA2Fac30e43031d9d181aB1D45970c1f7Ac1B38,2000,4000
0xbF45dd1bCa8067769494B935C69763ca29de85a0,2000,4000
0xc055845b369fea0e328f39e487115261635a75c5,2000,4000
0xC09361F9a17FA21e465D0Cc5B8a5B3A31BB18860,2000,4000
0xc3d26f49d42ebff5052ea086e4aaa0432798e18e,2000,4000
0xC846b4532249Ba200a2f40b011aA8A770266baC2,2000,4000
0xC87710477186cF98762571BA7E38eCb6025c2CFb,2000,4000
0xCAb5068F0Cc1278D29233D2175682082c3559f4e,2000,4000
0xd01B358dF7f76D2a68C737278DE5240252332dD8,2000,4000
0xD1295aDb4Bad3676bF1A9bC79588fD20f3cD113A,2000,4000
0xD63037340AA0966FfC01C7513c460508eED66910,2000,4000
0xd8A40A1baBfEBDDfFa5e52522EB47975F5913F21,2000,4000
0xDa50Beb6279f1B18e7FA5e061483D0dceb2aF064,2000,4000
0xDc9F27ceAE44EB2E61DBb7A4Aa39e0eA93faDE30,2000,4000
0xdd5dD6e0933ae626133C55a2395BfEEA2cD77D42,2000,4000
0xdf1b2ffA04254bcd38404B22e0B24493B4c78FDd,2000,4000
0xDf6410C8c5AAf363806114b0e008373FD8EaCE18,2000,4000
0xDfa908b1F2DE152C9978e4D8A49E4909d0831eEe,2000,4000
0xE011dF1d6Eb9e98dE0Fa5E4824c4A48dB1Cef519,2000,4000
0xE0e03ba22E14776DC972a50E6CcA5cEEdb3b972C,2000,4000
0xe16485Fd45B4C6D81292d63d060d5D7a32043381,2000,4000
0xe222e11129A5FEfDEBcc0572a10A6dEAcc35E6C0,2000,4000
0xe3ee38307cfdff07938fa8d39958d925da94e3ae,2000,4000
0xe734629a8c881Cfa72A2e14AC4778128ccF3D96b,2000,4000
0xE76a6619581dD7122Bc127a6F018BA035B182AAA,2000,4000
0xeB15967aa77dB1dEfa77f012C3e4482881D399C3,2000,4000
0xeC9b106e925ccBF65d1CDE7232154f3788fdaC4C,2000,4000
0xED861cDFd3CAD60E5FB8251d98F7777c9768f0e1,2000,4000
0xed99ceea3a04BCbaF727a943f8dbA010a8271D96,2000,4000
0xeea36ad4123db561f4023099C237D20D69fEBb3F,2000,4000
0xeFC05B0D0C8bE8D4Cb3a220ef582E9f7E6FBCd00,2000,4000
0xf331f8Cbcd9100292258D2a1986A4a2e7435e453,2000,4000
0xF3551c1d8AC61569E482ABc05EefAE4ccCEF32C1,2000,4000
0xf68c6088b82e20CF40a58d7981eCeFf29b3926E2,2000,4000
0xf8038fc93a714801c5d399bc80B1629Af0116F1b,2000,4000
0xF85f7230D69553C3Aab5d35D4523659Bc59d35BE,2000,4000
0xf89be918c3d9989DD1e454bd21E1fc3aFb7E6EEB,2000,4000
0xfa8cde31D2f058A3B28963672b448f46b2552573,2000,4000
0xfaAa8d52b6DA73EB46c1873a32829C97dFD51Cf4,2000,4000
0xFF78baD7F3FEfbf552a2978E1455D0126dA9BA76,2000,4000
0xFF79Ad62D19066E43B99eEd19f94E11b0E0B5688,2000,4000